<?xml version="1.0" encoding="UTF-8"?>
<export version="D">
  <design>
    <source>C:/Users/sheng/Documents/GitHub/olc_ultra/Analog_Frontend_PCB/Analog_Frontend.sch</source>
    <date>11/2/2017 12:26:37 PM</date>
    <tool>Eeschema 4.0.6</tool>
    <sheet number="1" name="/" tstamps="/">
      <title_block>
        <title>Analog Frontend for Low Cost Ultrasound Device</title>
        <company>Columbia University - Creative Machines Lab</company>
        <rev>v2.1b</rev>
        <date>2017-07-31</date>
        <source>Analog_Frontend.sch</source>
        <comment number="1" value=""/>
        <comment number="2" value=""/>
        <comment number="3" value=""/>
        <comment number="4" value=""/>
      </title_block>
    </sheet>
  </design>
  <components>
    <comp ref="R1">
      <value>100</value>
      <footprint>Resistors_SMD:R_0805</footprint>
      <libsource lib="device" part="R"/>
      <sheetpath names="/" tstamps="/"/>
      <tstamp>58E08CD5</tstamp>
    </comp>
    <comp ref="L1">
      <value>1u</value>
      <footprint>Inductors_SMD:L_0603</footprint>
      <libsource lib="device" part="L"/>
      <sheetpath names="/" tstamps="/"/>
      <tstamp>58E08D29</tstamp>
    </comp>
    <comp ref="C5">
      <value>1n</value>
      <footprint>Capacitors_SMD:C_0603</footprint>
      <libsource lib="device" part="C"/>
      <sheetpath names="/" tstamps="/"/>
      <tstamp>58E08E96</tstamp>
    </comp>
    <comp ref="U6">
      <value>LTC5507</value>
      <footprint>custom:TSOT-23-6_MK06A</footprint>
      <datasheet>http://cds.linear.com/docs/en/datasheet/5507f.pdf</datasheet>
      <libsource lib="Analog_Frontend-cache" part="LTC5507"/>
      <sheetpath names="/" tstamps="/"/>
      <tstamp>58FBDBA6</tstamp>
    </comp>
    <comp ref="C21">
      <value>2.2nF</value>
      <footprint>Capacitors_SMD:C_0603</footprint>
      <libsource lib="device" part="C"/>
      <sheetpath names="/" tstamps="/"/>
      <tstamp>58FBF128</tstamp>
    </comp>
    <comp ref="C20">
      <value>6.8nF</value>
      <footprint>Capacitors_SMD:C_0603</footprint>
      <libsource lib="device" part="C"/>
      <sheetpath names="/" tstamps="/"/>
      <tstamp>58FC016E</tstamp>
    </comp>
    <comp ref="U5">
      <value>AD8331</value>
      <footprint>custom:QSOP-20_3.9x8.6mm_Pitch0.64mm</footprint>
      <libsource lib="Analog_Frontend-cache" part="AD8331"/>
      <sheetpath names="/" tstamps="/"/>
      <tstamp>591C075D</tstamp>
    </comp>
    <comp ref="C14">
      <value>0.1µF</value>
      <footprint>Capacitors_SMD:C_0603</footprint>
      <libsource lib="device" part="C"/>
      <sheetpath names="/" tstamps="/"/>
      <tstamp>591C1AD6</tstamp>
    </comp>
    <comp ref="C13">
      <value>0.1µF</value>
      <footprint>Capacitors_SMD:C_0603</footprint>
      <libsource lib="device" part="C"/>
      <sheetpath names="/" tstamps="/"/>
      <tstamp>591C253F</tstamp>
    </comp>
    <comp ref="C18">
      <value>1nF</value>
      <footprint>Capacitors_SMD:C_0603</footprint>
      <libsource lib="device" part="C"/>
      <sheetpath names="/" tstamps="/"/>
      <tstamp>591C3A41</tstamp>
    </comp>
    <comp ref="C16">
      <value>0.1µF</value>
      <footprint>Capacitors_SMD:C_0603</footprint>
      <libsource lib="device" part="C"/>
      <sheetpath names="/" tstamps="/"/>
      <tstamp>591C7038</tstamp>
    </comp>
    <comp ref="L6">
      <value>120nH FB</value>
      <footprint>Resistors_SMD:R_0603</footprint>
      <libsource lib="device" part="L"/>
      <sheetpath names="/" tstamps="/"/>
      <tstamp>591C70E1</tstamp>
    </comp>
    <comp ref="C19">
      <value>1nF</value>
      <footprint>Capacitors_SMD:C_0603</footprint>
      <libsource lib="device" part="C"/>
      <sheetpath names="/" tstamps="/"/>
      <tstamp>591C80AF</tstamp>
    </comp>
    <comp ref="C11">
      <value>0.1µF</value>
      <footprint>Capacitors_SMD:C_0603</footprint>
      <libsource lib="device" part="C"/>
      <sheetpath names="/" tstamps="/"/>
      <tstamp>591C8787</tstamp>
    </comp>
    <comp ref="L3">
      <value>120nH FB</value>
      <footprint>Resistors_SMD:R_0603</footprint>
      <libsource lib="device" part="L"/>
      <sheetpath names="/" tstamps="/"/>
      <tstamp>591C91FE</tstamp>
    </comp>
    <comp ref="L2">
      <value>120nH FB</value>
      <footprint>Resistors_SMD:R_0603</footprint>
      <libsource lib="device" part="L"/>
      <sheetpath names="/" tstamps="/"/>
      <tstamp>591C9538</tstamp>
    </comp>
    <comp ref="R8">
      <value>100</value>
      <footprint>Resistors_SMD:R_0603</footprint>
      <libsource lib="device" part="R"/>
      <sheetpath names="/" tstamps="/"/>
      <tstamp>591CCE56</tstamp>
    </comp>
    <comp ref="R9">
      <value>100</value>
      <footprint>Resistors_SMD:R_0603</footprint>
      <libsource lib="device" part="R"/>
      <sheetpath names="/" tstamps="/"/>
      <tstamp>591CCF43</tstamp>
    </comp>
    <comp ref="L4">
      <value>120nH FB</value>
      <footprint>Resistors_SMD:R_0603</footprint>
      <libsource lib="device" part="L"/>
      <sheetpath names="/" tstamps="/"/>
      <tstamp>591CCFF6</tstamp>
    </comp>
    <comp ref="C12">
      <value>0.1µF</value>
      <footprint>Capacitors_SMD:C_0603</footprint>
      <libsource lib="device" part="C"/>
      <sheetpath names="/" tstamps="/"/>
      <tstamp>591CF666</tstamp>
    </comp>
    <comp ref="C15">
      <value>0.1µF</value>
      <footprint>Capacitors_SMD:C_0603</footprint>
      <libsource lib="device" part="C"/>
      <sheetpath names="/" tstamps="/"/>
      <tstamp>591CF7EE</tstamp>
    </comp>
    <comp ref="L5">
      <value>120nH FB</value>
      <footprint>Resistors_SMD:R_0603</footprint>
      <libsource lib="device" part="L"/>
      <sheetpath names="/" tstamps="/"/>
      <tstamp>591CD8FF</tstamp>
    </comp>
    <comp ref="R6">
      <value>237</value>
      <footprint>Resistors_SMD:R_0603</footprint>
      <libsource lib="device" part="R"/>
      <sheetpath names="/" tstamps="/"/>
      <tstamp>591CFF75</tstamp>
    </comp>
    <comp ref="R10">
      <value>237</value>
      <footprint>Resistors_SMD:R_0603</footprint>
      <libsource lib="device" part="R"/>
      <sheetpath names="/" tstamps="/"/>
      <tstamp>591D00FA</tstamp>
    </comp>
    <comp ref="C17">
      <value>0.1µF</value>
      <footprint>Capacitors_SMD:C_0603</footprint>
      <libsource lib="device" part="C"/>
      <sheetpath names="/" tstamps="/"/>
      <tstamp>591D36CE</tstamp>
    </comp>
    <comp ref="T1">
      <value>CX2041NLT</value>
      <footprint>custom:CX2041NLT</footprint>
      <libsource lib="Analog_Frontend-cache" part="CX2041NLT"/>
      <sheetpath names="/" tstamps="/"/>
      <tstamp>591D38EB</tstamp>
    </comp>
    <comp ref="C23">
      <value>0.1µF</value>
      <footprint>Capacitors_SMD:C_0603</footprint>
      <libsource lib="device" part="C"/>
      <sheetpath names="/" tstamps="/"/>
      <tstamp>591D88F9</tstamp>
    </comp>
    <comp ref="CFB1">
      <value>18nF</value>
      <footprint>Capacitors_SMD:C_0603</footprint>
      <libsource lib="device" part="C_Small"/>
      <sheetpath names="/" tstamps="/"/>
      <tstamp>591F49DF</tstamp>
    </comp>
    <comp ref="RFB1">
      <value>274</value>
      <footprint>Resistors_SMD:R_0603</footprint>
      <libsource lib="device" part="R_Small"/>
      <sheetpath names="/" tstamps="/"/>
      <tstamp>591F4EDF</tstamp>
    </comp>
    <comp ref="CSH1">
      <value>22pF</value>
      <footprint>Capacitors_SMD:C_0603</footprint>
      <libsource lib="device" part="C_Small"/>
      <sheetpath names="/" tstamps="/"/>
      <tstamp>591F55DF</tstamp>
    </comp>
    <comp ref="CLMD1">
      <value>0.1µF</value>
      <footprint>Capacitors_SMD:C_0603</footprint>
      <libsource lib="device" part="C"/>
      <sheetpath names="/" tstamps="/"/>
      <tstamp>591C095D</tstamp>
    </comp>
    <comp ref="LS1">
      <value>Piezo</value>
      <footprint>Pin_Headers:Pin_Header_Angled_1x02_Pitch2.54mm</footprint>
      <libsource lib="device" part="Speaker_Ultrasound"/>
      <sheetpath names="/" tstamps="/"/>
      <tstamp>591F749E</tstamp>
    </comp>
    <comp ref="D1">
      <value>BAV99T</value>
      <footprint>custom:SOT-523</footprint>
      <libsource lib="Analog_Frontend-cache" part="BAV99T"/>
      <sheetpath names="/" tstamps="/"/>
      <tstamp>591F8367</tstamp>
    </comp>
    <comp ref="U2">
      <value>MD0100N8</value>
      <footprint>TO_SOT_Packages_SMD:SOT89-3_Housing_Handsoldering</footprint>
      <libsource lib="Analog_Frontend-cache" part="MD0100N8"/>
      <sheetpath names="/" tstamps="/"/>
      <tstamp>591F8A64</tstamp>
    </comp>
    <comp ref="CINH1">
      <value>0.1µF</value>
      <footprint>Capacitors_SMD:C_0603</footprint>
      <libsource lib="device" part="C_Small"/>
      <sheetpath names="/" tstamps="/"/>
      <tstamp>592085D9</tstamp>
    </comp>
    <comp ref="C22">
      <value>470pF</value>
      <footprint>Capacitors_SMD:C_0603</footprint>
      <libsource lib="device" part="C_Small"/>
      <sheetpath names="/" tstamps="/"/>
      <tstamp>5921E51F</tstamp>
    </comp>
    <comp ref="R11">
      <value>68</value>
      <footprint>Resistors_SMD:R_0805</footprint>
      <libsource lib="device" part="R_Small"/>
      <sheetpath names="/" tstamps="/"/>
      <tstamp>5921E895</tstamp>
    </comp>
    <comp ref="J1">
      <value>CONN_02X03</value>
      <footprint>Pin_Headers:Pin_Header_Angled_2x04_Pitch2.54mm</footprint>
      <libsource lib="conn" part="CONN_02X04"/>
      <sheetpath names="/" tstamps="/"/>
      <tstamp>597B5015</tstamp>
    </comp>
    <comp ref="J6">
      <value>Screw_Terminal_1x01</value>
      <footprint>custom:SCREWM3</footprint>
      <libsource lib="conn" part="Screw_Terminal_1x01"/>
      <sheetpath names="/" tstamps="/"/>
      <tstamp>5980FFF4</tstamp>
    </comp>
    <comp ref="J2">
      <value>Screw_Terminal_1x01</value>
      <footprint>custom:SCREWM3</footprint>
      <libsource lib="conn" part="Screw_Terminal_1x01"/>
      <sheetpath names="/" tstamps="/"/>
      <tstamp>598103B0</tstamp>
    </comp>
    <comp ref="J3">
      <value>Screw_Terminal_1x01</value>
      <footprint>custom:SCREWM3</footprint>
      <libsource lib="conn" part="Screw_Terminal_1x01"/>
      <sheetpath names="/" tstamps="/"/>
      <tstamp>59810461</tstamp>
    </comp>
    <comp ref="J4">
      <value>Screw_Terminal_1x01</value>
      <footprint>custom:SCREWM3</footprint>
      <libsource lib="conn" part="Screw_Terminal_1x01"/>
      <sheetpath names="/" tstamps="/"/>
      <tstamp>59810517</tstamp>
    </comp>
    <comp ref="C26">
      <value>500P</value>
      <footprint>Capacitors_SMD:C_0603</footprint>
      <libsource lib="device" part="C"/>
      <sheetpath names="/" tstamps="/"/>
      <tstamp>59C81D72</tstamp>
    </comp>
    <comp ref="Q2">
      <value>Q_NMOS_SDG</value>
      <footprint>TO_SOT_Packages_SMD:SOT-23</footprint>
      <libsource lib="device" part="Q_NMOS_SDG"/>
      <sheetpath names="/" tstamps="/"/>
      <tstamp>59C81F08</tstamp>
    </comp>
    <comp ref="D4">
      <value>BZX84C6V2L</value>
      <footprint>Diodes_SMD:D_SMB</footprint>
      <libsource lib="device" part="D"/>
      <sheetpath names="/" tstamps="/"/>
      <tstamp>59C82315</tstamp>
    </comp>
    <comp ref="D3">
      <value>BZX84C6V2L</value>
      <footprint>Diodes_SMD:D_SMB</footprint>
      <libsource lib="device" part="D"/>
      <sheetpath names="/" tstamps="/"/>
      <tstamp>59C823DF</tstamp>
    </comp>
    <comp ref="Rdamp1">
      <value>10</value>
      <footprint>Resistors_SMD:R_0603</footprint>
      <libsource lib="device" part="R"/>
      <sheetpath names="/" tstamps="/"/>
      <tstamp>59C827AE</tstamp>
    </comp>
    <comp ref="R12">
      <value>10</value>
      <footprint>Resistors_SMD:R_0603</footprint>
      <libsource lib="device" part="R"/>
      <sheetpath names="/" tstamps="/"/>
      <tstamp>59C8297E</tstamp>
    </comp>
    <comp ref="C3">
      <value>0.1u</value>
      <footprint>Capacitors_SMD:C_0603</footprint>
      <libsource lib="device" part="C_Small"/>
      <sheetpath names="/" tstamps="/"/>
      <tstamp>59CE9F4E</tstamp>
    </comp>
    <comp ref="C1">
      <value>0.1u</value>
      <footprint>Capacitors_SMD:C_0603</footprint>
      <libsource lib="device" part="C"/>
      <sheetpath names="/" tstamps="/"/>
      <tstamp>59CEB4BB</tstamp>
    </comp>
    <comp ref="C2">
      <value>0.1u</value>
      <footprint>Capacitors_SMD:C_0603</footprint>
      <libsource lib="device" part="C"/>
      <sheetpath names="/" tstamps="/"/>
      <tstamp>59CEBD90</tstamp>
    </comp>
    <comp ref="J7">
      <value>CONN_COAXIAL</value>
      <footprint>custom:SAM8857-ND</footprint>
      <libsource lib="conn" part="CONN_COAXIAL"/>
      <sheetpath names="/" tstamps="/"/>
      <tstamp>59D28DE8</tstamp>
    </comp>
  </components>
  <libparts>
    <libpart lib="Analog_Frontend-cache" part="AD8331">
      <description>Variable Gain Amplifier with LNA frontend and differential output</description>
      <fields>
        <field name="Reference">U</field>
        <field name="Value">AD8331</field>
      </fields>
      <pins>
        <pin num="1" name="LMD" type="unspc"/>
        <pin num="2" name="INH" type="input"/>
        <pin num="3" name="VPS" type="power_in"/>
        <pin num="4" name="LON" type="output"/>
        <pin num="5" name="LOP" type="output"/>
        <pin num="6" name="COML" type="power_in"/>
        <pin num="7" name="VIP" type="input"/>
        <pin num="8" name="VIN" type="input"/>
        <pin num="9" name="MODE" type="input"/>
        <pin num="10" name="GAIN" type="input"/>
        <pin num="11" name="VCM" type="unspc"/>
        <pin num="12" name="CLMP" type="input"/>
        <pin num="13" name="HILO" type="input"/>
        <pin num="14" name="VPOS" type="power_in"/>
        <pin num="15" name="VOH" type="output"/>
        <pin num="16" name="VOL" type="output"/>
        <pin num="17" name="COMM" type="power_in"/>
        <pin num="18" name="ENBV" type="input"/>
        <pin num="19" name="ENBL" type="input"/>
        <pin num="20" name="COMM" type="power_in"/>
      </pins>
    </libpart>
    <libpart lib="Analog_Frontend-cache" part="BAV99T">
      <description>Dual diode</description>
      <fields>
        <field name="Reference">D</field>
        <field name="Value">BAV99T</field>
      </fields>
      <pins>
        <pin num="1" name="A" type="passive"/>
        <pin num="2" name="K" type="passive"/>
        <pin num="3" name="common" type="passive"/>
      </pins>
    </libpart>
    <libpart lib="device" part="C">
      <description>Unpolarized capacitor</description>
      <footprints>
        <fp>C_*</fp>
      </footprints>
      <fields>
        <field name="Reference">C</field>
        <field name="Value">C</field>
      </fields>
      <pins>
        <pin num="1" name="~" type="passive"/>
        <pin num="2" name="~" type="passive"/>
      </pins>
    </libpart>
    <libpart lib="conn" part="CONN_02X04">
      <description>Connector, double row, 02x04, pin header</description>
      <footprints>
        <fp>Pin_Header_Straight_2X*</fp>
        <fp>Pin_Header_Angled_2X*</fp>
        <fp>Socket_Strip_Straight_2X*</fp>
        <fp>Socket_Strip_Angled_2X*</fp>
        <fp>IDC_Header_Straight_*</fp>
      </footprints>
      <fields>
        <field name="Reference">J</field>
        <field name="Value">CONN_02X04</field>
      </fields>
      <pins>
        <pin num="1" name="P1" type="passive"/>
        <pin num="2" name="P2" type="passive"/>
        <pin num="3" name="P3" type="passive"/>
        <pin num="4" name="P4" type="passive"/>
        <pin num="5" name="P5" type="passive"/>
        <pin num="6" name="P6" type="passive"/>
        <pin num="7" name="P7" type="passive"/>
        <pin num="8" name="P8" type="passive"/>
      </pins>
    </libpart>
    <libpart lib="conn" part="CONN_COAXIAL">
      <description>coaxial connector (BNC, SMA, SMB, SMC, Cinch/RCA, ...)</description>
      <footprints>
        <fp>*BNC*</fp>
        <fp>*SMA*</fp>
        <fp>*SMB*</fp>
        <fp>*SMC*</fp>
        <fp>*Cinch*</fp>
      </footprints>
      <fields>
        <field name="Reference">J</field>
        <field name="Value">CONN_COAXIAL</field>
      </fields>
      <pins>
        <pin num="1" name="In" type="passive"/>
        <pin num="2" name="Ext" type="passive"/>
      </pins>
    </libpart>
    <libpart lib="Analog_Frontend-cache" part="CX2041NLT">
      <description>Transformer, split primary, single secondary</description>
      <fields>
        <field name="Reference">T</field>
        <field name="Value">CX2041NLT</field>
      </fields>
      <pins>
        <pin num="1" name="PR1" type="passive"/>
        <pin num="2" name="PM" type="passive"/>
        <pin num="3" name="PR2" type="passive"/>
        <pin num="4" name="S1" type="passive"/>
        <pin num="5" name="S2" type="passive"/>
      </pins>
    </libpart>
    <libpart lib="device" part="C_Small">
      <description>Unpolarized capacitor</description>
      <footprints>
        <fp>C_*</fp>
      </footprints>
      <fields>
        <field name="Reference">C</field>
        <field name="Value">C_Small</field>
      </fields>
      <pins>
        <pin num="1" name="~" type="passive"/>
        <pin num="2" name="~" type="passive"/>
      </pins>
    </libpart>
    <libpart lib="device" part="D">
      <description>Diode</description>
      <footprints>
        <fp>TO-???*</fp>
        <fp>*SingleDiode</fp>
        <fp>*_Diode_*</fp>
        <fp>*SingleDiode*</fp>
        <fp>D_*</fp>
      </footprints>
      <fields>
        <field name="Reference">D</field>
        <field name="Value">D</field>
      </fields>
      <pins>
        <pin num="1" name="K" type="passive"/>
        <pin num="2" name="A" type="passive"/>
      </pins>
    </libpart>
    <libpart lib="device" part="L">
      <description>Inductor</description>
      <footprints>
        <fp>Choke_*</fp>
        <fp>*Coil*</fp>
        <fp>Inductor_*</fp>
        <fp>L_*</fp>
      </footprints>
      <fields>
        <field name="Reference">L</field>
        <field name="Value">L</field>
      </fields>
      <pins>
        <pin num="1" name="1" type="passive"/>
        <pin num="2" name="2" type="passive"/>
      </pins>
    </libpart>
    <libpart lib="Analog_Frontend-cache" part="LTC5507">
      <description>RF Power Detector</description>
      <fields>
        <field name="Reference">U</field>
        <field name="Value">LTC5507</field>
      </fields>
      <pins>
        <pin num="1" name="SHDN" type="input"/>
        <pin num="2" name="GND" type="power_in"/>
        <pin num="3" name="Vout" type="output"/>
        <pin num="4" name="VDD" type="power_in"/>
        <pin num="5" name="PCAP" type="unspc"/>
        <pin num="6" name="RFin" type="input"/>
      </pins>
    </libpart>
    <libpart lib="Analog_Frontend-cache" part="MD0100N8">
      <description>High Voltage Protection T/R Switch</description>
      <fields>
        <field name="Reference">U</field>
        <field name="Value">MD0100N8</field>
      </fields>
      <pins>
        <pin num="1" name="A" type="input"/>
        <pin num="2" name="COM" type="power_in"/>
        <pin num="3" name="B" type="output"/>
      </pins>
    </libpart>
    <libpart lib="device" part="Q_NMOS_SDG">
      <description>Transistor N-MOSFETwith substrate diode (general)</description>
      <fields>
        <field name="Reference">Q</field>
        <field name="Value">Q_NMOS_SDG</field>
      </fields>
      <pins>
        <pin num="1" name="S" type="passive"/>
        <pin num="2" name="D" type="passive"/>
        <pin num="3" name="G" type="input"/>
      </pins>
    </libpart>
    <libpart lib="device" part="R">
      <description>Resistor</description>
      <footprints>
        <fp>R_*</fp>
        <fp>R_*</fp>
      </footprints>
      <fields>
        <field name="Reference">R</field>
        <field name="Value">R</field>
      </fields>
      <pins>
        <pin num="1" name="~" type="passive"/>
        <pin num="2" name="~" type="passive"/>
      </pins>
    </libpart>
    <libpart lib="device" part="R_Small">
      <description>Resistor, small symbol</description>
      <footprints>
        <fp>R_*</fp>
      </footprints>
      <fields>
        <field name="Reference">R</field>
        <field name="Value">R_Small</field>
      </fields>
      <pins>
        <pin num="1" name="~" type="passive"/>
        <pin num="2" name="~" type="passive"/>
      </pins>
    </libpart>
    <libpart lib="conn" part="Screw_Terminal_1x01">
      <description>1-pin screw terminal connector</description>
      <footprints>
        <fp>TerminalBlock*1pol</fp>
      </footprints>
      <fields>
        <field name="Reference">J</field>
        <field name="Value">Screw_Terminal_1x01</field>
      </fields>
      <pins>
        <pin num="1" name="~" type="passive"/>
      </pins>
    </libpart>
    <libpart lib="device" part="Speaker_Crystal">
      <aliases>
        <alias>Speaker_Ultrasound</alias>
      </aliases>
      <description>crystal speaker/transducer</description>
      <fields>
        <field name="Reference">LS</field>
        <field name="Value">Speaker_Crystal</field>
      </fields>
      <pins>
        <pin num="1" name="1" type="input"/>
        <pin num="2" name="2" type="input"/>
      </pins>
    </libpart>
  </libparts>
  <libraries>
    <library logical="device">
      <uri>C:\Program Files\KiCad\share\kicad\library\device.lib</uri>
    </library>
    <library logical="conn">
      <uri>C:\Program Files\KiCad\share\kicad\library\conn.lib</uri>
    </library>
    <library logical="Analog_Frontend-cache">
      <uri>C:\Users\sheng\Documents\GitHub\olc_ultra\Analog_Frontend_PCB\Analog_Frontend-cache.lib</uri>
    </library>
  </libraries>
  <nets>
    <net code="1" name="Net-(C12-Pad1)">
      <node ref="R8" pin="1"/>
      <node ref="C12" pin="1"/>
      <node ref="L4" pin="2"/>
    </net>
    <net code="2" name="Net-(C15-Pad1)">
      <node ref="R9" pin="1"/>
      <node ref="C15" pin="1"/>
      <node ref="L5" pin="2"/>
    </net>
    <net code="3" name="Net-(C12-Pad2)">
      <node ref="C12" pin="2"/>
      <node ref="R6" pin="1"/>
    </net>
    <net code="4" name="Net-(C15-Pad2)">
      <node ref="C15" pin="2"/>
      <node ref="R10" pin="1"/>
    </net>
    <net code="5" name="Net-(R6-Pad2)">
      <node ref="R6" pin="2"/>
      <node ref="T1" pin="1"/>
    </net>
    <net code="6" name="Net-(CFB1-Pad2)">
      <node ref="RFB1" pin="1"/>
      <node ref="CFB1" pin="2"/>
    </net>
    <net code="7" name="Vfiltered">
      <node ref="R1" pin="1"/>
      <node ref="L2" pin="1"/>
      <node ref="C5" pin="1"/>
      <node ref="L1" pin="1"/>
    </net>
    <net code="8" name="Net-(CINH1-Pad1)">
      <node ref="L2" pin="2"/>
      <node ref="CINH1" pin="1"/>
    </net>
    <net code="9" name="/VGA-">
      <node ref="R8" pin="2"/>
      <node ref="L4" pin="1"/>
      <node ref="U5" pin="16"/>
    </net>
    <net code="10" name="/VGA+">
      <node ref="L5" pin="1"/>
      <node ref="U5" pin="15"/>
      <node ref="R9" pin="2"/>
    </net>
    <net code="11" name="Net-(R10-Pad2)">
      <node ref="R10" pin="2"/>
      <node ref="T1" pin="3"/>
    </net>
    <net code="12" name="Net-(J6-Pad1)">
      <node ref="J6" pin="1"/>
    </net>
    <net code="13" name="/PULSE">
      <node ref="J1" pin="3"/>
      <node ref="Q2" pin="3"/>
    </net>
    <net code="14" name="Net-(J2-Pad1)">
      <node ref="J2" pin="1"/>
    </net>
    <net code="15" name="Net-(D3-Pad1)">
      <node ref="D3" pin="1"/>
      <node ref="D4" pin="1"/>
    </net>
    <net code="16" name="Net-(C26-Pad2)">
      <node ref="C26" pin="2"/>
      <node ref="R12" pin="2"/>
      <node ref="Q2" pin="2"/>
    </net>
    <net code="17" name="Net-(J4-Pad1)">
      <node ref="J4" pin="1"/>
    </net>
    <net code="18" name="Net-(J3-Pad1)">
      <node ref="J3" pin="1"/>
    </net>
    <net code="19" name="Net-(D1-Pad3)">
      <node ref="D1" pin="3"/>
      <node ref="R1" pin="2"/>
      <node ref="U2" pin="3"/>
    </net>
    <net code="20" name="Net-(C17-Pad1)">
      <node ref="U5" pin="12"/>
      <node ref="C17" pin="1"/>
    </net>
    <net code="21" name="+5V">
      <node ref="C23" pin="1"/>
      <node ref="L3" pin="1"/>
      <node ref="L6" pin="2"/>
      <node ref="U6" pin="4"/>
      <node ref="J1" pin="7"/>
      <node ref="C21" pin="2"/>
      <node ref="U6" pin="1"/>
      <node ref="U5" pin="19"/>
      <node ref="U5" pin="18"/>
      <node ref="C2" pin="1"/>
    </net>
    <net code="22" name="/VGA_PWR">
      <node ref="C16" pin="1"/>
      <node ref="L6" pin="1"/>
      <node ref="U5" pin="14"/>
      <node ref="U5" pin="13"/>
    </net>
    <net code="23" name="GND">
      <node ref="U5" pin="17"/>
      <node ref="C22" pin="2"/>
      <node ref="U5" pin="20"/>
      <node ref="U5" pin="9"/>
      <node ref="U5" pin="6"/>
      <node ref="C11" pin="2"/>
      <node ref="C19" pin="2"/>
      <node ref="U6" pin="2"/>
      <node ref="C5" pin="2"/>
      <node ref="Q2" pin="1"/>
      <node ref="L1" pin="2"/>
      <node ref="T1" pin="2"/>
      <node ref="CLMD1" pin="1"/>
      <node ref="CSH1" pin="2"/>
      <node ref="D4" pin="2"/>
      <node ref="C23" pin="2"/>
      <node ref="T1" pin="5"/>
      <node ref="J1" pin="8"/>
      <node ref="Rdamp1" pin="2"/>
      <node ref="D1" pin="2"/>
      <node ref="D1" pin="1"/>
      <node ref="LS1" pin="2"/>
      <node ref="J1" pin="6"/>
      <node ref="J1" pin="4"/>
      <node ref="J1" pin="2"/>
      <node ref="C17" pin="2"/>
      <node ref="C16" pin="2"/>
      <node ref="C18" pin="2"/>
      <node ref="C1" pin="2"/>
      <node ref="J7" pin="2"/>
      <node ref="C3" pin="2"/>
      <node ref="C2" pin="2"/>
    </net>
    <net code="24" name="/Vpiezo">
      <node ref="LS1" pin="1"/>
      <node ref="U2" pin="1"/>
      <node ref="C26" pin="1"/>
      <node ref="Rdamp1" pin="1"/>
      <node ref="D3" pin="2"/>
    </net>
    <net code="25" name="/V_ENVLP">
      <node ref="R11" pin="2"/>
      <node ref="C22" pin="1"/>
      <node ref="J7" pin="1"/>
    </net>
    <net code="26" name="/PCAP">
      <node ref="C21" pin="1"/>
      <node ref="U6" pin="5"/>
    </net>
    <net code="27" name="/RFin">
      <node ref="U6" pin="6"/>
      <node ref="C20" pin="2"/>
    </net>
    <net code="28" name="V_VGA">
      <node ref="C20" pin="1"/>
      <node ref="T1" pin="4"/>
    </net>
    <net code="29" name="Net-(C14-Pad1)">
      <node ref="C14" pin="1"/>
      <node ref="U5" pin="5"/>
    </net>
    <net code="30" name="Net-(C14-Pad2)">
      <node ref="C14" pin="2"/>
      <node ref="U5" pin="7"/>
    </net>
    <net code="31" name="Net-(C13-Pad2)">
      <node ref="C13" pin="2"/>
      <node ref="U5" pin="8"/>
    </net>
    <net code="32" name="Net-(R11-Pad1)">
      <node ref="U6" pin="3"/>
      <node ref="R11" pin="1"/>
    </net>
    <net code="33" name="Net-(CLMD1-Pad2)">
      <node ref="U5" pin="1"/>
      <node ref="CLMD1" pin="2"/>
    </net>
    <net code="34" name="Net-(C11-Pad1)">
      <node ref="C11" pin="1"/>
      <node ref="L3" pin="2"/>
      <node ref="U5" pin="3"/>
    </net>
    <net code="35" name="/VCM">
      <node ref="U5" pin="11"/>
      <node ref="C19" pin="1"/>
    </net>
    <net code="36" name="Net-(U2-Pad2)">
      <node ref="U2" pin="2"/>
    </net>
    <net code="37" name="GAIN">
      <node ref="U5" pin="10"/>
      <node ref="C18" pin="1"/>
      <node ref="J1" pin="5"/>
    </net>
    <net code="38" name="20V">
      <node ref="C1" pin="1"/>
      <node ref="C3" pin="1"/>
      <node ref="J1" pin="1"/>
      <node ref="R12" pin="1"/>
    </net>
    <net code="39" name="Net-(CFB1-Pad1)">
      <node ref="CFB1" pin="1"/>
      <node ref="U5" pin="2"/>
      <node ref="CINH1" pin="2"/>
      <node ref="CSH1" pin="1"/>
    </net>
    <net code="40" name="Net-(C13-Pad1)">
      <node ref="U5" pin="4"/>
      <node ref="C13" pin="1"/>
      <node ref="RFB1" pin="2"/>
    </net>
  </nets>
</export>
