<?xml version="1.0" encoding="UTF-8"?>
<export version="D">
  <design>
    <source>/Users/wlmeng/workspace/olc_ultra/Analog_Frontend_PCB/Analog_Frontend.sch</source>
    <date>Tuesday, July 18, 2017 'AMt' 11:46:00 AM</date>
    <tool>Eeschema 4.0.6</tool>
    <sheet number="1" name="/" tstamps="/">
      <title_block>
        <title>Analog Frontend for Low Cost Ultrasound Device</title>
        <company>Columbia University - Creative Machines Lab</company>
        <rev>v1.3</rev>
        <date>2017-06-16</date>
        <source>Analog_Frontend.sch</source>
        <comment number="1" value=""/>
        <comment number="2" value=""/>
        <comment number="3" value=""/>
        <comment number="4" value=""/>
      </title_block>
    </sheet>
  </design>
  <components>
    <comp ref="R2">
      <value>15</value>
      <footprint>Resistors_THT:R_Axial_DIN0411_L9.9mm_D3.6mm_P12.70mm_Horizontal</footprint>
      <libsource lib="device" part="R"/>
      <sheetpath names="/" tstamps="/"/>
      <tstamp>58C78AF7</tstamp>
    </comp>
    <comp ref="P2">
      <value>CONN_01X02</value>
      <footprint>Pin_Headers:Pin_Header_Straight_1x02_Pitch2.54mm</footprint>
      <libsource lib="conn" part="CONN_01X02"/>
      <sheetpath names="/" tstamps="/"/>
      <tstamp>58C78B2B</tstamp>
    </comp>
    <comp ref="R1">
      <value>100</value>
      <footprint>Resistors_SMD:R_0805</footprint>
      <libsource lib="device" part="R"/>
      <sheetpath names="/" tstamps="/"/>
      <tstamp>58E08CD5</tstamp>
    </comp>
    <comp ref="L1">
      <value>1u</value>
      <footprint>Capacitors_THT:C_Radial_D5_L6_P2.5</footprint>
      <libsource lib="device" part="L"/>
      <sheetpath names="/" tstamps="/"/>
      <tstamp>58E08D29</tstamp>
    </comp>
    <comp ref="C5">
      <value>1n</value>
      <footprint>Capacitors_SMD:C_0603</footprint>
      <libsource lib="device" part="C"/>
      <sheetpath names="/" tstamps="/"/>
      <tstamp>58E08E96</tstamp>
    </comp>
    <comp ref="U6">
      <value>LTC5507</value>
      <footprint>custom:TSOT-23-6_MK06A</footprint>
      <datasheet>http://cds.linear.com/docs/en/datasheet/5507f.pdf</datasheet>
      <libsource lib="Analog_Frontend-cache" part="LTC5507"/>
      <sheetpath names="/" tstamps="/"/>
      <tstamp>58FBDBA6</tstamp>
    </comp>
    <comp ref="C21">
      <value>2.2nF</value>
      <footprint>Capacitors_SMD:C_0603</footprint>
      <libsource lib="device" part="C"/>
      <sheetpath names="/" tstamps="/"/>
      <tstamp>58FBF128</tstamp>
    </comp>
    <comp ref="C20">
      <value>6.8nF</value>
      <footprint>Capacitors_SMD:C_0603</footprint>
      <libsource lib="device" part="C"/>
      <sheetpath names="/" tstamps="/"/>
      <tstamp>58FC016E</tstamp>
    </comp>
    <comp ref="R5">
      <value>100</value>
      <footprint>Resistors_SMD:R_0805</footprint>
      <libsource lib="device" part="R"/>
      <sheetpath names="/" tstamps="/"/>
      <tstamp>58FDA829</tstamp>
    </comp>
    <comp ref="C8">
      <value>1u</value>
      <footprint>Capacitors_SMD:C_0603</footprint>
      <libsource lib="device" part="C"/>
      <sheetpath names="/" tstamps="/"/>
      <tstamp>58FE1D69</tstamp>
    </comp>
    <comp ref="R4">
      <value>200k</value>
      <footprint>Resistors_SMD:R_0805</footprint>
      <libsource lib="device" part="R"/>
      <sheetpath names="/" tstamps="/"/>
      <tstamp>58FE2BEC</tstamp>
    </comp>
    <comp ref="R7">
      <value>200k</value>
      <footprint>Resistors_SMD:R_0805</footprint>
      <libsource lib="device" part="R"/>
      <sheetpath names="/" tstamps="/"/>
      <tstamp>58FE2C7D</tstamp>
    </comp>
    <comp ref="C9">
      <value>1u</value>
      <footprint>Capacitors_SMD:C_0603</footprint>
      <libsource lib="device" part="C"/>
      <sheetpath names="/" tstamps="/"/>
      <tstamp>58FE36D6</tstamp>
    </comp>
    <comp ref="R3">
      <value>1k</value>
      <footprint>Resistors_SMD:R_0805</footprint>
      <libsource lib="device" part="R"/>
      <sheetpath names="/" tstamps="/"/>
      <tstamp>58FE3FAB</tstamp>
    </comp>
    <comp ref="P1">
      <value>CONN_01X02</value>
      <footprint>Pin_Headers:Pin_Header_Straight_1x02_Pitch2.54mm</footprint>
      <libsource lib="conn" part="CONN_01X02"/>
      <sheetpath names="/" tstamps="/"/>
      <tstamp>58FF8577</tstamp>
    </comp>
    <comp ref="U5">
      <value>AD8331</value>
      <footprint>custom:QSOP-20_3.9x8.6mm_Pitch0.64mm</footprint>
      <libsource lib="Analog_Frontend-cache" part="AD8331"/>
      <sheetpath names="/" tstamps="/"/>
      <tstamp>591C075D</tstamp>
    </comp>
    <comp ref="C14">
      <value>0.1µF</value>
      <footprint>Capacitors_SMD:C_0603</footprint>
      <libsource lib="device" part="C"/>
      <sheetpath names="/" tstamps="/"/>
      <tstamp>591C1AD6</tstamp>
    </comp>
    <comp ref="C13">
      <value>0.1µF</value>
      <footprint>Capacitors_SMD:C_0603</footprint>
      <libsource lib="device" part="C"/>
      <sheetpath names="/" tstamps="/"/>
      <tstamp>591C253F</tstamp>
    </comp>
    <comp ref="C18">
      <value>1nF</value>
      <footprint>Capacitors_SMD:C_0603</footprint>
      <libsource lib="device" part="C"/>
      <sheetpath names="/" tstamps="/"/>
      <tstamp>591C3A41</tstamp>
    </comp>
    <comp ref="J3">
      <value>CONN_COAXIAL</value>
      <footprint>custom:SMA_uxcell</footprint>
      <libsource lib="conn" part="CONN_COAXIAL"/>
      <sheetpath names="/" tstamps="/"/>
      <tstamp>591C41C3</tstamp>
    </comp>
    <comp ref="U1">
      <value>LM7805CT</value>
      <footprint>TO_SOT_Packages_THT:TO-220_Vertical</footprint>
      <libsource lib="regul" part="LM7805CT"/>
      <sheetpath names="/" tstamps="/"/>
      <tstamp>591C68CC</tstamp>
    </comp>
    <comp ref="C16">
      <value>0.1µF</value>
      <footprint>Capacitors_SMD:C_0603</footprint>
      <libsource lib="device" part="C"/>
      <sheetpath names="/" tstamps="/"/>
      <tstamp>591C7038</tstamp>
    </comp>
    <comp ref="L6">
      <value>120nH FB</value>
      <footprint>Resistors_SMD:R_0603</footprint>
      <libsource lib="device" part="L"/>
      <sheetpath names="/" tstamps="/"/>
      <tstamp>591C70E1</tstamp>
    </comp>
    <comp ref="C19">
      <value>1nF</value>
      <footprint>Capacitors_SMD:C_0603</footprint>
      <libsource lib="device" part="C"/>
      <sheetpath names="/" tstamps="/"/>
      <tstamp>591C80AF</tstamp>
    </comp>
    <comp ref="C11">
      <value>0.1µF</value>
      <footprint>Capacitors_SMD:C_0603</footprint>
      <libsource lib="device" part="C"/>
      <sheetpath names="/" tstamps="/"/>
      <tstamp>591C8787</tstamp>
    </comp>
    <comp ref="L3">
      <value>120nH FB</value>
      <footprint>Resistors_SMD:R_0603</footprint>
      <libsource lib="device" part="L"/>
      <sheetpath names="/" tstamps="/"/>
      <tstamp>591C91FE</tstamp>
    </comp>
    <comp ref="L2">
      <value>120nH FB</value>
      <footprint>Resistors_SMD:R_0603</footprint>
      <libsource lib="device" part="L"/>
      <sheetpath names="/" tstamps="/"/>
      <tstamp>591C9538</tstamp>
    </comp>
    <comp ref="R8">
      <value>100</value>
      <footprint>Resistors_SMD:R_0603</footprint>
      <libsource lib="device" part="R"/>
      <sheetpath names="/" tstamps="/"/>
      <tstamp>591CCE56</tstamp>
    </comp>
    <comp ref="R9">
      <value>100</value>
      <footprint>Resistors_SMD:R_0603</footprint>
      <libsource lib="device" part="R"/>
      <sheetpath names="/" tstamps="/"/>
      <tstamp>591CCF43</tstamp>
    </comp>
    <comp ref="L4">
      <value>120nH FB</value>
      <footprint>Resistors_SMD:R_0603</footprint>
      <libsource lib="device" part="L"/>
      <sheetpath names="/" tstamps="/"/>
      <tstamp>591CCFF6</tstamp>
    </comp>
    <comp ref="C12">
      <value>0.1µF</value>
      <footprint>Capacitors_SMD:C_0603</footprint>
      <libsource lib="device" part="C"/>
      <sheetpath names="/" tstamps="/"/>
      <tstamp>591CF666</tstamp>
    </comp>
    <comp ref="C15">
      <value>0.1µF</value>
      <footprint>Capacitors_SMD:C_0603</footprint>
      <libsource lib="device" part="C"/>
      <sheetpath names="/" tstamps="/"/>
      <tstamp>591CF7EE</tstamp>
    </comp>
    <comp ref="L5">
      <value>120nH FB</value>
      <footprint>Resistors_SMD:R_0603</footprint>
      <libsource lib="device" part="L"/>
      <sheetpath names="/" tstamps="/"/>
      <tstamp>591CD8FF</tstamp>
    </comp>
    <comp ref="R6">
      <value>237</value>
      <footprint>Resistors_SMD:R_0603</footprint>
      <libsource lib="device" part="R"/>
      <sheetpath names="/" tstamps="/"/>
      <tstamp>591CFF75</tstamp>
    </comp>
    <comp ref="R10">
      <value>237</value>
      <footprint>Resistors_SMD:R_0603</footprint>
      <libsource lib="device" part="R"/>
      <sheetpath names="/" tstamps="/"/>
      <tstamp>591D00FA</tstamp>
    </comp>
    <comp ref="C17">
      <value>0.1µF</value>
      <footprint>Capacitors_SMD:C_0603</footprint>
      <libsource lib="device" part="C"/>
      <sheetpath names="/" tstamps="/"/>
      <tstamp>591D36CE</tstamp>
    </comp>
    <comp ref="T1">
      <value>CX2041NLT</value>
      <footprint>custom:CX2041NLT</footprint>
      <libsource lib="Analog_Frontend-cache" part="CX2041NLT"/>
      <sheetpath names="/" tstamps="/"/>
      <tstamp>591D38EB</tstamp>
    </comp>
    <comp ref="C23">
      <value>0.1µF</value>
      <footprint>Capacitors_SMD:C_0603</footprint>
      <libsource lib="device" part="C"/>
      <sheetpath names="/" tstamps="/"/>
      <tstamp>591D88F9</tstamp>
    </comp>
    <comp ref="C3">
      <value>0.33µF</value>
      <footprint>Capacitors_SMD:C_0603</footprint>
      <libsource lib="device" part="C"/>
      <sheetpath names="/" tstamps="/"/>
      <tstamp>591DABFD</tstamp>
    </comp>
    <comp ref="C4">
      <value>0.1µF</value>
      <footprint>Capacitors_SMD:C_0603</footprint>
      <libsource lib="device" part="C"/>
      <sheetpath names="/" tstamps="/"/>
      <tstamp>591DAD43</tstamp>
    </comp>
    <comp ref="U3">
      <value>LM7171</value>
      <footprint>Housings_DIP:DIP-8_W7.62mm</footprint>
      <libsource lib="linear" part="LM7171"/>
      <sheetpath names="/" tstamps="/"/>
      <tstamp>591E0E19</tstamp>
    </comp>
    <comp ref="U4">
      <value>LM7171</value>
      <footprint>Housings_DIP:DIP-8_W7.62mm</footprint>
      <libsource lib="linear" part="LM7171"/>
      <sheetpath names="/" tstamps="/"/>
      <tstamp>591E1156</tstamp>
    </comp>
    <comp ref="J1">
      <value>CONN_COAXIAL</value>
      <footprint>custom:SMA_uxcell</footprint>
      <libsource lib="conn" part="CONN_COAXIAL"/>
      <sheetpath names="/" tstamps="/"/>
      <tstamp>591E23DB</tstamp>
    </comp>
    <comp ref="P3">
      <value>CONN_01X02</value>
      <footprint>Pin_Headers:Pin_Header_Straight_1x02_Pitch2.54mm</footprint>
      <libsource lib="conn" part="CONN_01X02"/>
      <sheetpath names="/" tstamps="/"/>
      <tstamp>591E516A</tstamp>
    </comp>
    <comp ref="Q1">
      <value>IRF510N</value>
      <footprint>TO_SOT_Packages_THT:TO-220_Vertical</footprint>
      <libsource lib="Analog_Frontend-cache" part="IRF510N"/>
      <sheetpath names="/" tstamps="/"/>
      <tstamp>591EB55F</tstamp>
    </comp>
    <comp ref="Q2">
      <value>IRF9510N</value>
      <footprint>TO_SOT_Packages_THT:TO-220_Vertical</footprint>
      <libsource lib="Analog_Frontend-cache" part="IRF9510N"/>
      <sheetpath names="/" tstamps="/"/>
      <tstamp>591EB63F</tstamp>
    </comp>
    <comp ref="C1">
      <value>10µF</value>
      <footprint>Capacitors_Tantalum_SMD:CP_Tantalum_Case-A_EIA-3216-18_Reflow</footprint>
      <libsource lib="device" part="CP1_Small"/>
      <sheetpath names="/" tstamps="/"/>
      <tstamp>591F3151</tstamp>
    </comp>
    <comp ref="C2">
      <value>0.1µF</value>
      <footprint>Capacitors_SMD:C_0603</footprint>
      <libsource lib="device" part="C_Small"/>
      <sheetpath names="/" tstamps="/"/>
      <tstamp>591F341C</tstamp>
    </comp>
    <comp ref="CFB1">
      <value>18nF</value>
      <footprint>Capacitors_SMD:C_0603</footprint>
      <libsource lib="device" part="C_Small"/>
      <sheetpath names="/" tstamps="/"/>
      <tstamp>591F49DF</tstamp>
    </comp>
    <comp ref="RFB1">
      <value>274</value>
      <footprint>Resistors_SMD:R_0603</footprint>
      <libsource lib="device" part="R_Small"/>
      <sheetpath names="/" tstamps="/"/>
      <tstamp>591F4EDF</tstamp>
    </comp>
    <comp ref="CSH1">
      <value>22pF</value>
      <footprint>Capacitors_SMD:C_0603</footprint>
      <libsource lib="device" part="C_Small"/>
      <sheetpath names="/" tstamps="/"/>
      <tstamp>591F55DF</tstamp>
    </comp>
    <comp ref="CLMD1">
      <value>0.1µF</value>
      <footprint>Capacitors_SMD:C_0603</footprint>
      <libsource lib="device" part="C"/>
      <sheetpath names="/" tstamps="/"/>
      <tstamp>591C095D</tstamp>
    </comp>
    <comp ref="LS1">
      <value>Piezo</value>
      <footprint>Pin_Headers:Pin_Header_Straight_1x02_Pitch2.54mm</footprint>
      <libsource lib="device" part="Speaker_Ultrasound"/>
      <sheetpath names="/" tstamps="/"/>
      <tstamp>591F749E</tstamp>
    </comp>
    <comp ref="D1">
      <value>BAV99T</value>
      <footprint>custom:SOT-523</footprint>
      <libsource lib="device" part="BAV99T"/>
      <sheetpath names="/" tstamps="/"/>
      <tstamp>591F8367</tstamp>
    </comp>
    <comp ref="U2">
      <value>MD0100N8</value>
      <footprint>TO_SOT_Packages_SMD:SOT89-3_Housing_Handsoldering</footprint>
      <libsource lib="Analog_Frontend-cache" part="MD0100N8"/>
      <sheetpath names="/" tstamps="/"/>
      <tstamp>591F8A64</tstamp>
    </comp>
    <comp ref="CINH1">
      <value>0.1µF</value>
      <footprint>Capacitors_SMD:C_0603</footprint>
      <libsource lib="device" part="C_Small"/>
      <sheetpath names="/" tstamps="/"/>
      <tstamp>592085D9</tstamp>
    </comp>
    <comp ref="C7">
      <value>0.1µF</value>
      <footprint>Capacitors_SMD:C_0603</footprint>
      <libsource lib="device" part="C_Small"/>
      <sheetpath names="/" tstamps="/"/>
      <tstamp>59213635</tstamp>
    </comp>
    <comp ref="C6">
      <value>0.1µF</value>
      <footprint>Capacitors_SMD:C_0603</footprint>
      <libsource lib="device" part="C_Small"/>
      <sheetpath names="/" tstamps="/"/>
      <tstamp>592139D2</tstamp>
    </comp>
    <comp ref="J4">
      <value>CONN_COAXIAL</value>
      <footprint>custom:SMA_uxcell</footprint>
      <libsource lib="conn" part="CONN_COAXIAL"/>
      <sheetpath names="/" tstamps="/"/>
      <tstamp>5921C532</tstamp>
    </comp>
    <comp ref="C22">
      <value>470pF</value>
      <footprint>Capacitors_SMD:C_0603</footprint>
      <libsource lib="device" part="C_Small"/>
      <sheetpath names="/" tstamps="/"/>
      <tstamp>5921E51F</tstamp>
    </comp>
    <comp ref="R11">
      <value>68</value>
      <footprint>Resistors_SMD:R_0805</footprint>
      <libsource lib="device" part="R_Small"/>
      <sheetpath names="/" tstamps="/"/>
      <tstamp>5921E895</tstamp>
    </comp>
    <comp ref="J2">
      <value>CONN_COAXIAL</value>
      <footprint>custom:SMA_uxcell</footprint>
      <libsource lib="conn" part="CONN_COAXIAL"/>
      <sheetpath names="/" tstamps="/"/>
      <tstamp>5921519E</tstamp>
    </comp>
    <comp ref="J5">
      <value>CONN_02X06</value>
      <footprint>Pin_Headers:Pin_Header_Straight_2x06_Pitch2.54mm</footprint>
      <libsource lib="conn" part="CONN_02X06"/>
      <sheetpath names="/" tstamps="/"/>
      <tstamp>594448F5</tstamp>
    </comp>
  </components>
  <libparts>
    <libpart lib="Analog_Frontend-cache" part="AD8331">
      <description>Variable Gain Amplifier with LNA frontend and differential output</description>
      <fields>
        <field name="Reference">U</field>
        <field name="Value">AD8331</field>
      </fields>
      <pins>
        <pin num="1" name="LMD" type="unspc"/>
        <pin num="2" name="INH" type="input"/>
        <pin num="3" name="VPS" type="power_in"/>
        <pin num="4" name="LON" type="output"/>
        <pin num="5" name="LOP" type="output"/>
        <pin num="6" name="COML" type="power_in"/>
        <pin num="7" name="VIP" type="input"/>
        <pin num="8" name="VIN" type="input"/>
        <pin num="9" name="MODE" type="input"/>
        <pin num="10" name="GAIN" type="input"/>
        <pin num="11" name="VCM" type="unspc"/>
        <pin num="12" name="CLMP" type="input"/>
        <pin num="13" name="HILO" type="input"/>
        <pin num="14" name="VPOS" type="power_in"/>
        <pin num="15" name="VOH" type="output"/>
        <pin num="16" name="VOL" type="output"/>
        <pin num="17" name="COMM" type="power_in"/>
        <pin num="18" name="ENBV" type="input"/>
        <pin num="19" name="ENBL" type="input"/>
        <pin num="20" name="COMM" type="power_in"/>
      </pins>
    </libpart>
    <libpart lib="device" part="BAV99T">
      <description>Dual diode</description>
      <fields>
        <field name="Reference">D</field>
        <field name="Value">BAV99T</field>
      </fields>
      <pins>
        <pin num="1" name="A" type="passive"/>
        <pin num="2" name="K" type="passive"/>
        <pin num="3" name="common" type="passive"/>
      </pins>
    </libpart>
    <libpart lib="device" part="C">
      <description>Unpolarized capacitor</description>
      <footprints>
        <fp>C_*</fp>
      </footprints>
      <fields>
        <field name="Reference">C</field>
        <field name="Value">C</field>
      </fields>
      <pins>
        <pin num="1" name="~" type="passive"/>
        <pin num="2" name="~" type="passive"/>
      </pins>
    </libpart>
    <libpart lib="conn" part="CONN_01X02">
      <description>Connector, single row, 01x02, pin header</description>
      <footprints>
        <fp>Pin_Header_Straight_1X*</fp>
        <fp>Pin_Header_Angled_1X*</fp>
        <fp>Socket_Strip_Straight_1X*</fp>
        <fp>Socket_Strip_Angled_1X*</fp>
      </footprints>
      <fields>
        <field name="Reference">J</field>
        <field name="Value">CONN_01X02</field>
      </fields>
      <pins>
        <pin num="1" name="P1" type="passive"/>
        <pin num="2" name="P2" type="passive"/>
      </pins>
    </libpart>
    <libpart lib="conn" part="CONN_02X06">
      <description>Connector, double row, 02x06, pin header</description>
      <footprints>
        <fp>Pin_Header_Straight_2X*</fp>
        <fp>Pin_Header_Angled_2X*</fp>
        <fp>Socket_Strip_Straight_2X*</fp>
        <fp>Socket_Strip_Angled_2X*</fp>
        <fp>IDC_Header_Straight_*</fp>
      </footprints>
      <fields>
        <field name="Reference">J</field>
        <field name="Value">CONN_02X06</field>
      </fields>
      <pins>
        <pin num="1" name="P1" type="passive"/>
        <pin num="2" name="P2" type="passive"/>
        <pin num="3" name="P3" type="passive"/>
        <pin num="4" name="P4" type="passive"/>
        <pin num="5" name="P5" type="passive"/>
        <pin num="6" name="P6" type="passive"/>
        <pin num="7" name="P7" type="passive"/>
        <pin num="8" name="P8" type="passive"/>
        <pin num="9" name="P9" type="passive"/>
        <pin num="10" name="P10" type="passive"/>
        <pin num="11" name="P11" type="passive"/>
        <pin num="12" name="P12" type="passive"/>
      </pins>
    </libpart>
    <libpart lib="conn" part="CONN_COAXIAL">
      <description>coaxial connector (BNC, SMA, SMB, SMC, Cinch/RCA, ...)</description>
      <footprints>
        <fp>*BNC*</fp>
        <fp>*SMA*</fp>
        <fp>*SMB*</fp>
        <fp>*SMC*</fp>
        <fp>*Cinch*</fp>
      </footprints>
      <fields>
        <field name="Reference">J</field>
        <field name="Value">CONN_COAXIAL</field>
      </fields>
      <pins>
        <pin num="1" name="In" type="passive"/>
        <pin num="2" name="Ext" type="passive"/>
      </pins>
    </libpart>
    <libpart lib="device" part="CP1_Small">
      <description>Polarised capacitor</description>
      <footprints>
        <fp>CP_*</fp>
      </footprints>
      <fields>
        <field name="Reference">C</field>
        <field name="Value">CP1_Small</field>
      </fields>
      <pins>
        <pin num="1" name="~" type="passive"/>
        <pin num="2" name="~" type="passive"/>
      </pins>
    </libpart>
    <libpart lib="Analog_Frontend-cache" part="CX2041NLT">
      <description>Transformer, split primary, single secondary</description>
      <fields>
        <field name="Reference">T</field>
        <field name="Value">CX2041NLT</field>
      </fields>
      <pins>
        <pin num="1" name="PR1" type="passive"/>
        <pin num="2" name="PM" type="passive"/>
        <pin num="3" name="PR2" type="passive"/>
        <pin num="4" name="S1" type="passive"/>
        <pin num="5" name="S2" type="passive"/>
      </pins>
    </libpart>
    <libpart lib="device" part="C_Small">
      <description>Unpolarized capacitor</description>
      <footprints>
        <fp>C_*</fp>
      </footprints>
      <fields>
        <field name="Reference">C</field>
        <field name="Value">C_Small</field>
      </fields>
      <pins>
        <pin num="1" name="~" type="passive"/>
        <pin num="2" name="~" type="passive"/>
      </pins>
    </libpart>
    <libpart lib="Analog_Frontend-cache" part="IRF510N">
      <description>fast N-channel MOSFET</description>
      <footprints>
        <fp>TO-220*</fp>
      </footprints>
      <fields>
        <field name="Reference">Q</field>
        <field name="Value">IRF510N</field>
        <field name="Footprint">TO_SOT_Packages_THT:TO-220_Vertical</field>
      </fields>
      <pins>
        <pin num="1" name="G" type="input"/>
        <pin num="2" name="D" type="passive"/>
        <pin num="3" name="S" type="passive"/>
      </pins>
    </libpart>
    <libpart lib="Analog_Frontend-cache" part="IRF9510N">
      <description>fast P-Channel MOSFET</description>
      <footprints>
        <fp>TO-220*</fp>
      </footprints>
      <fields>
        <field name="Reference">Q</field>
        <field name="Value">IRF9510N</field>
        <field name="Footprint">TO_SOT_Packages_THT:TO-220_Vertical</field>
      </fields>
      <pins>
        <pin num="1" name="G" type="input"/>
        <pin num="2" name="D" type="passive"/>
        <pin num="3" name="S" type="passive"/>
      </pins>
    </libpart>
    <libpart lib="device" part="L">
      <description>Inductor</description>
      <footprints>
        <fp>Choke_*</fp>
        <fp>*Coil*</fp>
        <fp>Inductor_*</fp>
        <fp>L_*</fp>
      </footprints>
      <fields>
        <field name="Reference">L</field>
        <field name="Value">L</field>
      </fields>
      <pins>
        <pin num="1" name="1" type="passive"/>
        <pin num="2" name="2" type="passive"/>
      </pins>
    </libpart>
    <libpart lib="linear" part="LM7171">
      <description>Op amp</description>
      <docs>http://www.ti.com/lit/ds/symlink/lm741.pdf</docs>
      <footprints>
        <fp>SOIC*Pitch1.27mm*</fp>
        <fp>DIP*W7.62mm*</fp>
        <fp>TSSOP*Pitch0.65mm*</fp>
      </footprints>
      <fields>
        <field name="Reference">U</field>
        <field name="Value">LM7171</field>
      </fields>
      <pins>
        <pin num="1" name="NC" type="NotConnected"/>
        <pin num="2" name="-" type="input"/>
        <pin num="3" name="+" type="input"/>
        <pin num="4" name="V-" type="power_in"/>
        <pin num="5" name="NC" type="NotConnected"/>
        <pin num="6" name="~" type="output"/>
        <pin num="7" name="V+" type="power_in"/>
        <pin num="8" name="NC" type="NotConnected"/>
      </pins>
    </libpart>
    <libpart lib="regul" part="LM7805CT">
      <aliases>
        <alias>LM7806CT</alias>
        <alias>LM7808CT</alias>
        <alias>LM7809CT</alias>
        <alias>LM7810CT</alias>
        <alias>LM7812CT</alias>
        <alias>LM7815CT</alias>
        <alias>LM7818CT</alias>
        <alias>LM7824CT</alias>
        <alias>LM7806ACT</alias>
        <alias>LM7808ACT</alias>
        <alias>LM7809ACT</alias>
        <alias>LM7810ACT</alias>
        <alias>LM7812ACT</alias>
        <alias>LM7815ACT</alias>
        <alias>LM7818ACT</alias>
        <alias>LM7824ACT</alias>
      </aliases>
      <description>Positive 1A 35V Linear Regulator, Fixed Output 5V, TO-220</description>
      <docs>http://www.fairchildsemi.com/ds/LM/LM7805.pdf</docs>
      <footprints>
        <fp>TO*</fp>
      </footprints>
      <fields>
        <field name="Reference">U</field>
        <field name="Value">LM7805CT</field>
        <field name="Footprint">TO_SOT_Packages_THT:TO-220_Vertical</field>
      </fields>
      <pins>
        <pin num="1" name="IN" type="input"/>
        <pin num="2" name="GND" type="power_in"/>
        <pin num="3" name="OUT" type="power_out"/>
      </pins>
    </libpart>
    <libpart lib="Analog_Frontend-cache" part="LTC5507">
      <description>RF Power Detector</description>
      <fields>
        <field name="Reference">U</field>
        <field name="Value">LTC5507</field>
      </fields>
      <pins>
        <pin num="1" name="SHDN" type="input"/>
        <pin num="2" name="GND" type="power_in"/>
        <pin num="3" name="Vout" type="output"/>
        <pin num="4" name="VDD" type="power_in"/>
        <pin num="5" name="PCAP" type="unspc"/>
        <pin num="6" name="RFin" type="input"/>
      </pins>
    </libpart>
    <libpart lib="Analog_Frontend-cache" part="MD0100N8">
      <description>High Voltage Protection T/R Switch</description>
      <fields>
        <field name="Reference">U</field>
        <field name="Value">MD0100N8</field>
      </fields>
      <pins>
        <pin num="1" name="A" type="input"/>
        <pin num="2" name="COM" type="power_in"/>
        <pin num="3" name="B" type="output"/>
      </pins>
    </libpart>
    <libpart lib="device" part="R">
      <description>Resistor</description>
      <footprints>
        <fp>R_*</fp>
        <fp>R_*</fp>
      </footprints>
      <fields>
        <field name="Reference">R</field>
        <field name="Value">R</field>
      </fields>
      <pins>
        <pin num="1" name="~" type="passive"/>
        <pin num="2" name="~" type="passive"/>
      </pins>
    </libpart>
    <libpart lib="device" part="R_Small">
      <description>Resistor, small symbol</description>
      <footprints>
        <fp>R_*</fp>
      </footprints>
      <fields>
        <field name="Reference">R</field>
        <field name="Value">R_Small</field>
      </fields>
      <pins>
        <pin num="1" name="~" type="passive"/>
        <pin num="2" name="~" type="passive"/>
      </pins>
    </libpart>
    <libpart lib="device" part="Speaker_Crystal">
      <aliases>
        <alias>Speaker_Ultrasound</alias>
      </aliases>
      <description>crystal speaker/transducer</description>
      <fields>
        <field name="Reference">LS</field>
        <field name="Value">Speaker_Crystal</field>
      </fields>
      <pins>
        <pin num="1" name="1" type="input"/>
        <pin num="2" name="2" type="input"/>
      </pins>
    </libpart>
  </libparts>
  <libraries>
    <library logical="device">
      <uri>/Library/Application Support/kicad/library/device.lib</uri>
    </library>
    <library logical="conn">
      <uri>/Library/Application Support/kicad/library/conn.lib</uri>
    </library>
    <library logical="linear">
      <uri>/Library/Application Support/kicad/library/linear.lib</uri>
    </library>
    <library logical="regul">
      <uri>/Library/Application Support/kicad/library/regul.lib</uri>
    </library>
    <library logical="Analog_Frontend-cache">
      <uri>/Users/wlmeng/workspace/olc_ultra/Analog_Frontend_PCB/Analog_Frontend-cache.lib</uri>
    </library>
  </libraries>
  <nets>
    <net code="1" name="Net-(C15-Pad1)">
      <node ref="L5" pin="2"/>
      <node ref="C15" pin="1"/>
      <node ref="R9" pin="1"/>
    </net>
    <net code="2" name="Net-(C12-Pad2)">
      <node ref="C12" pin="2"/>
      <node ref="R6" pin="1"/>
    </net>
    <net code="3" name="Net-(C15-Pad2)">
      <node ref="C15" pin="2"/>
      <node ref="R10" pin="1"/>
    </net>
    <net code="4" name="Net-(C13-Pad2)">
      <node ref="U5" pin="8"/>
      <node ref="C13" pin="2"/>
    </net>
    <net code="5" name="Net-(C17-Pad1)">
      <node ref="C17" pin="1"/>
      <node ref="U5" pin="12"/>
    </net>
    <net code="6" name="+5V">
      <node ref="L6" pin="2"/>
      <node ref="U1" pin="3"/>
      <node ref="C21" pin="2"/>
      <node ref="U6" pin="4"/>
      <node ref="U6" pin="1"/>
      <node ref="C7" pin="1"/>
      <node ref="C6" pin="1"/>
      <node ref="U5" pin="19"/>
      <node ref="U5" pin="18"/>
      <node ref="L3" pin="1"/>
      <node ref="C4" pin="1"/>
      <node ref="C23" pin="1"/>
      <node ref="U3" pin="7"/>
      <node ref="U4" pin="7"/>
      <node ref="R4" pin="2"/>
    </net>
    <net code="7" name="Net-(CINH1-Pad1)">
      <node ref="L2" pin="2"/>
      <node ref="CINH1" pin="1"/>
    </net>
    <net code="8" name="/VGA-">
      <node ref="R8" pin="2"/>
      <node ref="U5" pin="16"/>
      <node ref="L4" pin="1"/>
    </net>
    <net code="9" name="/VGA+">
      <node ref="U5" pin="15"/>
      <node ref="R9" pin="2"/>
      <node ref="L5" pin="1"/>
    </net>
    <net code="10" name="Net-(R10-Pad2)">
      <node ref="T1" pin="3"/>
      <node ref="R10" pin="2"/>
    </net>
    <net code="11" name="Net-(R6-Pad2)">
      <node ref="T1" pin="1"/>
      <node ref="R6" pin="2"/>
    </net>
    <net code="12" name="Net-(C12-Pad1)">
      <node ref="C12" pin="1"/>
      <node ref="L4" pin="2"/>
      <node ref="R8" pin="1"/>
    </net>
    <net code="13" name="GND">
      <node ref="CSH1" pin="2"/>
      <node ref="CLMD1" pin="1"/>
      <node ref="U1" pin="2"/>
      <node ref="LS1" pin="2"/>
      <node ref="D1" pin="1"/>
      <node ref="D1" pin="2"/>
      <node ref="Q2" pin="2"/>
      <node ref="C1" pin="2"/>
      <node ref="C2" pin="2"/>
      <node ref="J3" pin="2"/>
      <node ref="U5" pin="17"/>
      <node ref="U4" pin="4"/>
      <node ref="J1" pin="2"/>
      <node ref="P3" pin="1"/>
      <node ref="U5" pin="20"/>
      <node ref="U5" pin="9"/>
      <node ref="J2" pin="2"/>
      <node ref="U5" pin="6"/>
      <node ref="R7" pin="1"/>
      <node ref="C19" pin="2"/>
      <node ref="C16" pin="2"/>
      <node ref="J4" pin="2"/>
      <node ref="C9" pin="2"/>
      <node ref="C22" pin="2"/>
      <node ref="U3" pin="4"/>
      <node ref="T1" pin="5"/>
      <node ref="U6" pin="2"/>
      <node ref="P2" pin="1"/>
      <node ref="C23" pin="2"/>
      <node ref="C17" pin="2"/>
      <node ref="T1" pin="2"/>
      <node ref="L1" pin="2"/>
      <node ref="C5" pin="2"/>
      <node ref="J5" pin="12"/>
      <node ref="J5" pin="10"/>
      <node ref="J5" pin="8"/>
      <node ref="J5" pin="6"/>
      <node ref="J5" pin="4"/>
      <node ref="C11" pin="2"/>
      <node ref="J5" pin="2"/>
      <node ref="P1" pin="1"/>
      <node ref="C3" pin="2"/>
      <node ref="C18" pin="2"/>
      <node ref="C4" pin="2"/>
      <node ref="C7" pin="2"/>
      <node ref="C6" pin="2"/>
    </net>
    <net code="14" name="Net-(R11-Pad1)">
      <node ref="U6" pin="3"/>
      <node ref="R11" pin="1"/>
    </net>
    <net code="15" name="Net-(U2-Pad2)">
      <node ref="U2" pin="2"/>
    </net>
    <net code="16" name="Net-(CFB1-Pad2)">
      <node ref="CFB1" pin="2"/>
      <node ref="RFB1" pin="1"/>
    </net>
    <net code="17" name="Net-(D1-Pad3)">
      <node ref="R1" pin="2"/>
      <node ref="U2" pin="3"/>
      <node ref="D1" pin="3"/>
    </net>
    <net code="18" name="Vpiezo">
      <node ref="R2" pin="2"/>
      <node ref="LS1" pin="1"/>
      <node ref="U2" pin="1"/>
    </net>
    <net code="20" name="/PCAP">
      <node ref="U6" pin="5"/>
      <node ref="C21" pin="1"/>
    </net>
    <net code="21" name="/RFin">
      <node ref="U6" pin="6"/>
      <node ref="C20" pin="2"/>
    </net>
    <net code="22" name="V_ENVLP">
      <node ref="R11" pin="2"/>
      <node ref="C22" pin="1"/>
      <node ref="J4" pin="1"/>
      <node ref="J5" pin="1"/>
    </net>
    <net code="23" name="Net-(CLMD1-Pad2)">
      <node ref="U5" pin="1"/>
      <node ref="CLMD1" pin="2"/>
    </net>
    <net code="24" name="/Tx">
      <node ref="Q1" pin="3"/>
      <node ref="Q2" pin="3"/>
      <node ref="R2" pin="1"/>
    </net>
    <net code="25" name="VDD">
      <node ref="C1" pin="1"/>
      <node ref="C2" pin="1"/>
      <node ref="Q1" pin="2"/>
      <node ref="C3" pin="1"/>
      <node ref="U1" pin="1"/>
      <node ref="P1" pin="2"/>
      <node ref="J5" pin="11"/>
    </net>
    <net code="26" name="GAIN">
      <node ref="J5" pin="7"/>
      <node ref="P3" pin="2"/>
      <node ref="U5" pin="10"/>
      <node ref="C18" pin="1"/>
    </net>
    <net code="27" name="V_VGA">
      <node ref="J3" pin="1"/>
      <node ref="C8" pin="2"/>
      <node ref="T1" pin="4"/>
      <node ref="J5" pin="5"/>
    </net>
    <net code="28" name="V_AMP">
      <node ref="J2" pin="1"/>
      <node ref="J5" pin="3"/>
      <node ref="U4" pin="6"/>
      <node ref="U4" pin="2"/>
      <node ref="C20" pin="1"/>
    </net>
    <net code="29" name="Net-(C9-Pad1)">
      <node ref="C9" pin="1"/>
      <node ref="R5" pin="2"/>
    </net>
    <net code="30" name="Net-(R3-Pad1)">
      <node ref="U3" pin="6"/>
      <node ref="U4" pin="3"/>
      <node ref="R3" pin="1"/>
    </net>
    <net code="31" name="Net-(R3-Pad2)">
      <node ref="R5" pin="1"/>
      <node ref="U3" pin="2"/>
      <node ref="R3" pin="2"/>
    </net>
    <net code="32" name="Net-(C14-Pad1)">
      <node ref="C14" pin="1"/>
      <node ref="U5" pin="5"/>
    </net>
    <net code="33" name="Net-(C14-Pad2)">
      <node ref="U5" pin="7"/>
      <node ref="C14" pin="2"/>
    </net>
    <net code="34" name="/PULSE">
      <node ref="P2" pin="2"/>
      <node ref="J5" pin="9"/>
      <node ref="Q2" pin="1"/>
      <node ref="Q1" pin="1"/>
    </net>
    <net code="35" name="Vfiltered">
      <node ref="L2" pin="1"/>
      <node ref="C5" pin="1"/>
      <node ref="L1" pin="1"/>
      <node ref="R1" pin="1"/>
      <node ref="J1" pin="1"/>
    </net>
    <net code="36" name="Net-(C8-Pad1)">
      <node ref="C8" pin="1"/>
      <node ref="R4" pin="1"/>
      <node ref="R7" pin="2"/>
      <node ref="U3" pin="3"/>
    </net>
    <net code="37" name="/VGA_PWR">
      <node ref="C16" pin="1"/>
      <node ref="U5" pin="13"/>
      <node ref="L6" pin="1"/>
      <node ref="U5" pin="14"/>
    </net>
    <net code="38" name="/VCM">
      <node ref="U5" pin="11"/>
      <node ref="C19" pin="1"/>
    </net>
    <net code="39" name="Net-(U4-Pad5)">
      <node ref="U4" pin="5"/>
    </net>
    <net code="40" name="Net-(U4-Pad1)">
      <node ref="U4" pin="1"/>
    </net>
    <net code="41" name="Net-(U3-Pad5)">
      <node ref="U3" pin="5"/>
    </net>
    <net code="42" name="Net-(U3-Pad1)">
      <node ref="U3" pin="1"/>
    </net>
    <net code="43" name="Net-(U4-Pad8)">
      <node ref="U4" pin="8"/>
    </net>
    <net code="44" name="Net-(U3-Pad8)">
      <node ref="U3" pin="8"/>
    </net>
    <net code="45" name="Net-(CFB1-Pad1)">
      <node ref="CINH1" pin="2"/>
      <node ref="U5" pin="2"/>
      <node ref="CSH1" pin="1"/>
      <node ref="CFB1" pin="1"/>
    </net>
    <net code="46" name="Net-(C13-Pad1)">
      <node ref="U5" pin="4"/>
      <node ref="C13" pin="1"/>
      <node ref="RFB1" pin="2"/>
    </net>
    <net code="47" name="Net-(C11-Pad1)">
      <node ref="U5" pin="3"/>
      <node ref="C11" pin="1"/>
      <node ref="L3" pin="2"/>
    </net>
  </nets>
</export>
